index,sample,expected,recovered_from_rtl_metrics,input_cycle,output_cycle
0,-29,-32,-32,4,10
1,29,32,32,4,10
2,33,32,32,4,10
3,-97,-96,-96,4,10
4,-31,-32,-32,4,10
5,-93,-96,-96,4,10
6,-96,-96,-96,4,10
7,-94,-96,-96,4,10
8,-30,-32,-32,5,11
9,-95,-96,-96,5,11
10,-34,-32,-32,5,11
11,-97,-96,-96,5,11
12,-33,-32,-32,5,11
13,94,96,96,5,11
14,-95,-96,-96,5,11
15,31,32,32,5,11
16,-98,-96,-96,6,12
17,-99,-96,-96,6,12
18,-99,-96,-96,6,12
19,-99,-96,-96,6,12
20,-96,-96,-96,6,12
21,-94,-96,-96,6,12
22,29,32,32,6,12
23,34,32,32,6,12
24,-99,-96,-96,7,13
25,94,96,96,7,13
26,97,96,96,7,13
27,94,96,96,7,13
28,-31,-32,-32,7,13
29,98,96,96,7,13
30,-35,-32,-32,7,13
31,29,32,32,7,13
32,95,96,96,8,14
33,32,32,32,8,14
34,-93,-96,-96,8,14
35,95,96,96,8,14
36,34,32,32,8,14
37,-32,-32,-32,8,14
38,94,96,96,8,14
39,32,32,32,8,14
40,93,96,96,9,15
41,99,96,96,9,15
42,-99,-96,-96,9,15
43,-33,-32,-32,9,15
44,-96,-96,-96,9,15
45,-95,-96,-96,9,15
46,-98,-96,-96,9,15
47,35,32,32,9,15
48,29,32,32,10,16
49,31,32,32,10,16
50,-93,-96,-96,10,16
51,-35,-32,-32,10,16
52,-94,-96,-96,10,16
53,-29,-32,-32,10,16
54,-29,-32,-32,10,16
55,35,32,32,10,16
56,96,96,96,11,17
57,33,32,32,11,17
58,-97,-96,-96,11,17
59,-32,-32,-32,11,17
60,-99,-96,-96,11,17
61,-29,-32,-32,11,17
62,30,32,32,11,17
63,-99,-96,-96,11,17
64,94,96,96,15,21
65,32,32,32,15,21
66,97,96,96,15,21
67,-30,-32,-32,15,21
68,-31,-32,-32,15,21
69,-99,-96,-96,15,21
70,29,32,32,15,21
71,33,32,32,15,21
72,96,96,96,16,22
73,-30,-32,-32,16,22
74,-30,-32,-32,16,22
75,35,32,32,16,22
76,94,96,96,16,22
77,29,32,32,16,22
78,93,96,96,16,22
79,-98,-96,-96,16,22
80,-30,-32,-32,17,23
81,34,32,32,17,23
82,96,96,96,17,23
83,31,32,32,17,23
84,96,96,96,17,23
85,30,32,32,17,23
86,33,32,32,17,23
87,93,96,96,17,23
88,-30,-32,-32,18,24
89,34,32,32,18,24
90,-34,-32,-32,18,24
91,93,96,96,18,24
92,93,96,96,18,24
93,-35,-32,-32,18,24
94,95,96,96,18,24
95,30,32,32,18,24
96,-32,-32,-32,19,25
97,-35,-32,-32,19,25
98,35,32,32,19,25
99,-94,-96,-96,19,25
100,30,32,32,19,25
101,-96,-96,-96,19,25
102,35,32,32,19,25
103,-33,-32,-32,19,25
104,-29,-32,-32,20,26
105,96,96,96,20,26
106,32,32,32,20,26
107,-35,-32,-32,20,26
108,-35,-32,-32,20,26
109,-29,-32,-32,20,26
110,99,96,96,20,26
111,-31,-32,-32,20,26
112,34,32,32,21,27
113,-33,-32,-32,21,27
114,-99,-96,-96,21,27
115,-33,-32,-32,21,27
116,95,96,96,21,27
117,-29,-32,-32,21,27
118,-96,-96,-96,21,27
119,94,96,96,21,27
120,29,32,32,22,28
121,-93,-96,-96,22,28
122,-96,-96,-96,22,28
123,-33,-32,-32,22,28
124,-97,-96,-96,22,28
125,94,96,96,22,28
126,96,96,96,22,28
127,-31,-32,-32,22,28
128,93,96,96,23,29
129,97,96,96,23,29
130,98,96,96,23,29
131,94,96,96,23,29
132,32,32,32,23,29
133,97,96,96,23,29
134,-32,-32,-32,23,29
135,98,96,96,23,29
136,96,96,96,24,30
137,34,32,32,24,30
138,97,96,96,24,30
139,-29,-32,-32,24,30
140,-93,-96,-96,24,30
141,-32,-32,-32,24,30
142,98,96,96,24,30
143,99,96,96,24,30
144,-35,-32,-32,25,31
145,96,96,96,25,31
146,32,32,32,25,31
147,-99,-96,-96,25,31
148,98,96,96,25,31
149,-29,-32,-32,25,31
150,35,32,32,25,31
151,-31,-32,-32,25,31
152,-95,-96,-96,26,32
153,34,32,32,26,32
154,-99,-96,-96,26,32
155,32,32,32,26,32
156,35,32,32,26,32
157,-96,-96,-96,26,32
158,-29,-32,-32,26,32
159,-32,-32,-32,26,32
160,98,96,96,27,33
161,-96,-96,-96,27,33
162,-96,-96,-96,27,33
163,94,96,96,27,33
164,-33,-32,-32,27,33
165,-95,-96,-96,27,33
166,31,32,32,27,33
167,-94,-96,-96,27,33
168,95,96,96,28,34
169,-96,-96,-96,28,34
170,-97,-96,-96,28,34
171,34,32,32,28,34
172,29,32,32,28,34
173,-98,-96,-96,28,34
174,32,32,32,28,34
175,-29,-32,-32,28,34
176,34,32,32,29,35
177,-31,-32,-32,29,35
178,-95,-96,-96,29,35
179,-96,-96,-96,29,35
180,-97,-96,-96,29,35
181,95,96,96,29,35
182,-30,-32,-32,29,35
183,93,96,96,29,35
184,93,96,96,30,36
185,-96,-96,-96,30,36
186,-94,-96,-96,30,36
187,-29,-32,-32,30,36
188,96,96,96,30,36
189,-35,-32,-32,30,36
190,32,32,32,30,36
191,-33,-32,-32,30,36
192,-99,-96,-96,31,37
193,95,96,96,31,37
194,93,96,96,31,37
195,-95,-96,-96,31,37
196,-35,-32,-32,31,37
197,96,96,96,31,37
198,95,96,96,31,37
199,-96,-96,-96,31,37
200,-31,-32,-32,32,38
201,-32,-32,-32,32,38
202,-98,-96,-96,32,38
203,30,32,32,32,38
204,-98,-96,-96,32,38
205,34,32,32,32,38
206,-97,-96,-96,32,38
207,94,96,96,32,38
208,-29,-32,-32,33,39
209,-99,-96,-96,33,39
210,97,96,96,33,39
211,95,96,96,33,39
212,-35,-32,-32,33,39
213,-29,-32,-32,33,39
214,29,32,32,33,39
215,-96,-96,-96,33,39
216,31,32,32,34,40
217,31,32,32,34,40
218,-94,-96,-96,34,40
219,-95,-96,-96,34,40
220,99,96,96,34,40
221,94,96,96,34,40
222,-29,-32,-32,34,40
223,-93,-96,-96,34,40
224,-93,-96,-96,35,41
225,30,32,32,35,41
226,-31,-32,-32,35,41
227,93,96,96,35,41
228,93,96,96,35,41
229,95,96,96,35,41
230,93,96,96,35,41
231,-34,-32,-32,35,41
232,-93,-96,-96,36,42
233,33,32,32,36,42
234,-94,-96,-96,36,42
235,98,96,96,36,42
236,99,96,96,36,42
237,99,96,96,36,42
238,-93,-96,-96,36,42
239,34,32,32,36,42
240,-95,-96,-96,37,43
241,30,32,32,37,43
242,-30,-32,-32,37,43
243,-93,-96,-96,37,43
244,-33,-32,-32,37,43
245,35,32,32,37,43
246,-99,-96,-96,37,43
247,-99,-96,-96,37,43
248,-95,-96,-96,38,44
249,-95,-96,-96,38,44
250,-33,-32,-32,38,44
251,-34,-32,-32,38,44
252,-98,-96,-96,38,44
253,-33,-32,-32,38,44
254,-94,-96,-96,38,44
255,-31,-32,-32,38,44
256,96,96,96,42,48
257,-95,-96,-96,42,48
258,-96,-96,-96,42,48
259,94,96,96,42,48
260,-34,-32,-32,42,48
261,93,96,96,42,48
262,33,32,32,42,48
263,30,32,32,42,48
264,-97,-96,-96,43,49
265,94,96,96,43,49
266,-97,-96,-96,43,49
267,96,96,96,43,49
268,-33,-32,-32,43,49
269,32,32,32,43,49
270,95,96,96,43,49
271,-29,-32,-32,43,49
272,35,32,32,44,50
273,35,32,32,44,50
274,35,32,32,44,50
275,-31,-32,-32,44,50
276,33,32,32,44,50
277,-31,-32,-32,44,50
278,33,32,32,44,50
279,-96,-96,-96,44,50
280,-96,-96,-96,45,51
281,-97,-96,-96,45,51
282,-95,-96,-96,45,51
283,-93,-96,-96,45,51
284,94,96,96,45,51
285,-35,-32,-32,45,51
286,-29,-32,-32,45,51
287,96,96,96,45,51
288,-29,-32,-32,46,52
289,-95,-96,-96,46,52
290,-31,-32,-32,46,52
291,-96,-96,-96,46,52
292,98,96,96,46,52
293,32,32,32,46,52
294,30,32,32,46,52
295,-31,-32,-32,46,52
296,31,32,32,47,53
297,-33,-32,-32,47,53
298,35,32,32,47,53
299,31,32,32,47,53
300,98,96,96,47,53
301,-93,-96,-96,47,53
302,94,96,96,47,53
303,-93,-96,-96,47,53
304,32,32,32,48,54
305,-31,-32,-32,48,54
306,-96,-96,-96,48,54
307,96,96,96,48,54
308,-95,-96,-96,48,54
309,94,96,96,48,54
310,-30,-32,-32,48,54
311,35,32,32,48,54
312,-96,-96,-96,49,55
313,34,32,32,49,55
314,-29,-32,-32,49,55
315,-95,-96,-96,49,55
316,-35,-32,-32,49,55
317,98,96,96,49,55
318,-96,-96,-96,49,55
319,-94,-96,-96,49,55
320,-97,-96,-96,50,56
321,-34,-32,-32,50,56
322,-97,-96,-96,50,56
323,-30,-32,-32,50,56
324,94,96,96,50,56
325,96,96,96,50,56
326,-94,-96,-96,50,56
327,97,96,96,50,56
328,99,96,96,51,57
329,31,32,32,51,57
330,30,32,32,51,57
331,96,96,96,51,57
332,98,96,96,51,57
333,-98,-96,-96,51,57
334,-95,-96,-96,51,57
335,99,96,96,51,57
336,35,32,32,52,58
337,98,96,96,52,58
338,93,96,96,52,58
339,98,96,96,52,58
340,-97,-96,-96,52,58
341,33,32,32,52,58
342,93,96,96,52,58
343,-32,-32,-32,52,58
344,-35,-32,-32,53,59
345,99,96,96,53,59
346,94,96,96,53,59
347,-32,-32,-32,53,59
348,-31,-32,-32,53,59
349,99,96,96,53,59
350,97,96,96,53,59
351,30,32,32,53,59
352,-29,-32,-32,54,60
353,-31,-32,-32,54,60
354,-94,-96,-96,54,60
355,-31,-32,-32,54,60
356,-35,-32,-32,54,60
357,31,32,32,54,60
358,95,96,96,54,60
359,-96,-96,-96,54,60
360,32,32,32,55,61
361,-30,-32,-32,55,61
362,-98,-96,-96,55,61
363,97,96,96,55,61
364,32,32,32,55,61
365,-98,-96,-96,55,61
366,99,96,96,55,61
367,29,32,32,55,61
368,-99,-96,-96,56,62
369,96,96,96,56,62
370,34,32,32,56,62
371,-98,-96,-96,56,62
372,94,96,96,56,62
373,-98,-96,-96,56,62
374,96,96,96,56,62
375,96,96,96,56,62
376,-96,-96,-96,57,63
377,-33,-32,-32,57,63
378,99,96,96,57,63
379,-98,-96,-96,57,63
380,-95,-96,-96,57,63
381,-35,-32,-32,57,63
382,99,96,96,57,63
383,-31,-32,-32,57,63
384,30,32,32,58,64
385,30,32,32,58,64
386,-99,-96,-96,58,64
387,33,32,32,58,64
388,-94,-96,-96,58,64
389,99,96,96,58,64
390,99,96,96,58,64
391,-30,-32,-32,58,64
392,-29,-32,-32,59,65
393,97,96,96,59,65
394,93,96,96,59,65
395,99,96,96,59,65
396,-34,-32,-32,59,65
397,93,96,96,59,65
398,-94,-96,-96,59,65
399,99,96,96,59,65
400,-31,-32,-32,60,66
401,30,32,32,60,66
402,-35,-32,-32,60,66
403,97,96,96,60,66
404,31,32,32,60,66
405,94,96,96,60,66
406,-29,-32,-32,60,66
407,-95,-96,-96,60,66
408,95,96,96,61,67
409,95,96,96,61,67
410,-34,-32,-32,61,67
411,-30,-32,-32,61,67
412,34,32,32,61,67
413,-98,-96,-96,61,67
414,-34,-32,-32,61,67
415,99,96,96,61,67
416,98,96,96,62,68
417,-99,-96,-96,62,68
418,-32,-32,-32,62,68
419,-30,-32,-32,62,68
420,-97,-96,-96,62,68
421,31,32,32,62,68
422,33,32,32,62,68
423,97,96,96,62,68
424,93,96,96,63,69
425,-97,-96,-96,63,69
426,35,32,32,63,69
427,-96,-96,-96,63,69
428,31,32,32,63,69
429,-96,-96,-96,63,69
430,35,32,32,63,69
431,-94,-96,-96,63,69
432,99,96,96,64,70
433,96,96,96,64,70
434,-34,-32,-32,64,70
435,31,32,32,64,70
436,-97,-96,-96,64,70
437,95,96,96,64,70
438,33,32,32,64,70
439,29,32,32,64,70
440,-30,-32,-32,65,71
441,-31,-32,-32,65,71
442,-32,-32,-32,65,71
443,-93,-96,-96,65,71
444,33,32,32,65,71
445,-94,-96,-96,65,71
446,99,96,96,65,71
447,33,32,32,65,71
448,-99,-96,-96,66,72
449,98,96,96,66,72
450,96,96,96,66,72
451,-98,-96,-96,66,72
452,98,96,96,66,72
453,93,96,96,66,72
454,96,96,96,66,72
455,-33,-32,-32,66,72
456,94,96,96,67,73
457,-31,-32,-32,67,73
458,31,32,32,67,73
459,30,32,32,67,73
460,-30,-32,-32,67,73
461,-95,-96,-96,67,73
462,-98,-96,-96,67,73
463,94,96,96,67,73
464,-99,-96,-96,68,74
465,29,32,32,68,74
466,-32,-32,-32,68,74
467,32,32,32,68,74
468,33,32,32,68,74
469,93,96,96,68,74
470,-97,-96,-96,68,74
471,-30,-32,-32,68,74
472,33,32,32,69,75
473,-99,-96,-96,69,75
474,99,96,96,69,75
475,-35,-32,-32,69,75
476,-33,-32,-32,69,75
477,95,96,96,69,75
478,-35,-32,-32,69,75
479,-31,-32,-32,69,75
480,-94,-96,-96,70,76
481,98,96,96,70,76
482,97,96,96,70,76
483,98,96,96,70,76
484,35,32,32,70,76
485,29,32,32,70,76
486,95,96,96,70,76
487,-96,-96,-96,70,76
488,-30,-32,-32,71,77
489,-31,-32,-32,71,77
490,-35,-32,-32,71,77
491,30,32,32,71,77
492,93,96,96,71,77
493,-33,-32,-32,71,77
494,32,32,32,71,77
495,-33,-32,-32,71,77
496,-35,-32,-32,72,78
497,35,32,32,72,78
498,-99,-96,-96,72,78
499,34,32,32,72,78
500,-34,-32,-32,72,78
501,96,96,96,72,78
502,31,32,32,72,78
503,-33,-32,-32,72,78
504,-34,-32,-32,73,79
505,-98,-96,-96,73,79
506,34,32,32,73,79
507,97,96,96,73,79
508,29,32,32,73,79
509,93,96,96,73,79
510,-98,-96,-96,73,79
511,-35,-32,-32,73,79
