word,destination,previous,metric
0,0,0,0
0,0,1,0
0,0,2,0
0,0,3,0
0,1,0,60
0,1,1,60
0,1,2,60
0,1,3,60
0,2,0,124
0,2,1,124
0,2,2,124
0,2,3,124
0,3,0,188
0,3,1,188
0,3,2,188
0,3,3,188
1,0,0,126
1,0,1,126
1,0,2,126
1,0,3,126
1,1,0,62
1,1,1,62
1,1,2,62
1,1,3,62
1,2,0,0
1,2,1,0
1,2,2,0
1,2,3,0
1,3,0,64
1,3,1,64
1,3,2,64
1,3,3,64
2,0,0,250
2,0,1,250
2,0,2,250
2,0,3,250
2,1,0,186
2,1,1,186
2,1,2,186
2,1,3,186
2,2,0,0
2,2,1,0
2,2,2,0
2,2,3,0
2,3,0,60
2,3,1,60
2,3,2,60
2,3,3,60
3,0,0,180
3,0,1,180
3,0,2,180
3,0,3,180
3,1,0,58
3,1,1,58
3,1,2,58
3,1,3,58
3,2,0,0
3,2,1,0
3,2,2,0
3,2,3,0
3,3,0,122
3,3,1,122
3,3,2,122
3,3,3,122
4,0,0,380
4,0,1,380
4,0,2,380
4,0,3,380
4,1,0,64
4,1,1,64
4,1,2,64
4,1,3,64
4,2,0,0
4,2,1,0
4,2,2,0
4,2,3,0
4,3,0,316
4,3,1,316
4,3,2,316
4,3,3,316
5,0,0,128
5,0,1,128
5,0,2,128
5,0,3,128
5,1,0,64
5,1,1,64
5,1,2,64
5,1,3,64
5,2,0,0
5,2,1,0
5,2,2,0
5,2,3,0
5,3,0,58
5,3,1,58
5,3,2,58
5,3,3,58
6,0,0,256
6,0,1,256
6,0,2,256
6,0,3,256
6,1,0,192
6,1,1,192
6,1,2,192
6,1,3,192
6,2,0,0
6,2,1,0
6,2,2,0
6,2,3,0
6,3,0,58
6,3,1,58
6,3,2,58
6,3,3,58
7,0,0,0
7,0,1,0
7,0,2,0
7,0,3,0
7,1,0,64
7,1,1,64
7,1,2,64
7,1,3,64
7,2,0,316
7,2,1,316
7,2,2,316
7,2,3,316
7,3,0,380
7,3,1,380
7,3,2,380
7,3,3,380
8,0,0,250
8,0,1,250
8,0,2,250
8,0,3,250
8,1,0,186
8,1,1,186
8,1,2,186
8,1,3,186
8,2,0,0
8,2,1,0
8,2,2,0
8,2,3,0
8,3,0,62
8,3,1,62
8,3,2,62
8,3,3,62
9,0,0,0
9,0,1,0
9,0,2,0
9,0,3,0
9,1,0,64
9,1,1,64
9,1,2,64
9,1,3,64
9,2,0,1072
9,2,1,4095
9,2,2,4095
9,2,3,4095
9,3,0,1136
9,3,1,4095
9,3,2,4095
9,3,3,4095
10,0,0,1140
10,0,1,4095
10,0,2,4095
10,0,3,4095
10,1,0,1076
10,1,1,4095
10,1,2,4095
10,1,3,4095
10,2,0,58
10,2,1,58
10,2,2,58
10,2,3,58
10,3,0,0
10,3,1,0
10,3,2,0
10,3,3,0
11,0,0,372
11,0,1,372
11,0,2,372
11,0,3,372
11,1,0,60
11,1,1,60
11,1,2,60
11,1,3,60
11,2,0,0
11,2,1,0
11,2,2,0
11,2,3,0
11,3,0,312
11,3,1,312
11,3,2,312
11,3,3,312
12,0,0,62
12,0,1,62
12,0,2,62
12,0,3,62
12,1,0,0
12,1,1,0
12,1,2,0
12,1,3,0
12,2,0,192
12,2,1,192
12,2,2,192
12,2,3,192
12,3,0,256
12,3,1,256
12,3,2,256
12,3,3,256
13,0,0,378
13,0,1,378
13,0,2,378
13,0,3,378
13,1,0,0
13,1,1,0
13,1,2,0
13,1,3,0
13,2,0,62
13,2,1,62
13,2,2,62
13,2,3,62
13,3,0,440
13,3,1,440
13,3,2,440
13,3,3,440
14,0,0,188
14,0,1,188
14,0,2,188
14,0,3,188
14,1,0,124
14,1,1,124
14,1,2,124
14,1,3,124
14,2,0,60
14,2,1,60
14,2,2,60
14,2,3,60
14,3,0,0
14,3,1,0
14,3,2,0
14,3,3,0
15,0,0,444
15,0,1,444
15,0,2,444
15,0,3,444
15,1,0,0
15,1,1,0
15,1,2,0
15,1,3,0
15,2,0,62
15,2,1,62
15,2,2,62
15,2,3,62
15,3,0,506
15,3,1,506
15,3,2,506
15,3,3,506
16,0,0,256
16,0,1,256
16,0,2,256
16,0,3,256
16,1,0,192
16,1,1,192
16,1,2,192
16,1,3,192
16,2,0,64
16,2,1,64
16,2,2,64
16,2,3,64
16,3,0,0
16,3,1,0
16,3,2,0
16,3,3,0
17,0,0,448
17,0,1,448
17,0,2,448
17,0,3,448
17,1,0,384
17,1,1,384
17,1,2,384
17,1,3,384
17,2,0,64
17,2,1,64
17,2,2,64
17,2,3,64
17,3,0,0
17,3,1,0
17,3,2,0
17,3,3,0
18,0,0,448
18,0,1,448
18,0,2,448
18,0,3,448
18,1,0,0
18,1,1,0
18,1,2,0
18,1,3,0
18,2,0,62
18,2,1,62
18,2,2,62
18,2,3,62
18,3,0,510
18,3,1,510
18,3,2,510
18,3,3,510
19,0,0,64
19,0,1,64
19,0,2,64
19,0,3,64
19,1,0,0
19,1,1,0
19,1,2,0
19,1,3,0
19,2,0,128
19,2,1,128
19,2,2,128
19,2,3,128
19,3,0,192
19,3,1,192
19,3,2,192
19,3,3,192
20,0,0,0
20,0,1,0
20,0,2,0
20,0,3,0
20,1,0,60
20,1,1,60
20,1,2,60
20,1,3,60
20,2,0,250
20,2,1,250
20,2,2,250
20,2,3,250
20,3,0,314
20,3,1,314
20,3,2,314
20,3,3,314
21,0,0,192
21,0,1,192
21,0,2,192
21,0,3,192
21,1,0,0
21,1,1,0
21,1,2,0
21,1,3,0
21,2,0,58
21,2,1,58
21,2,2,58
21,2,3,58
21,3,0,250
21,3,1,250
21,3,2,250
21,3,3,250
22,0,0,440
22,0,1,440
22,0,2,440
22,0,3,440
22,1,0,376
22,1,1,376
22,1,2,376
22,1,3,376
22,2,0,58
22,2,1,58
22,2,2,58
22,2,3,58
22,3,0,0
22,3,1,0
22,3,2,0
22,3,3,0
23,0,0,62
23,0,1,62
23,0,2,62
23,0,3,62
23,1,0,0
23,1,1,0
23,1,2,0
23,1,3,0
23,2,0,250
23,2,1,250
23,2,2,250
23,2,3,250
23,3,0,314
23,3,1,314
23,3,2,314
23,3,3,314
24,0,0,0
24,0,1,0
24,0,2,0
24,0,3,0
24,1,0,64
24,1,1,64
24,1,2,64
24,1,3,64
24,2,0,568
24,2,1,568
24,2,2,568
24,2,3,568
24,3,0,632
24,3,1,632
24,3,2,632
24,3,3,632
25,0,0,188
25,0,1,188
25,0,2,188
25,0,3,188
25,1,0,124
25,1,1,124
25,1,2,124
25,1,3,124
25,2,0,60
25,2,1,60
25,2,2,60
25,2,3,60
25,3,0,0
25,3,1,0
25,3,2,0
25,3,3,0
26,0,0,0
26,0,1,0
26,0,2,0
26,0,3,0
26,1,0,64
26,1,1,64
26,1,2,64
26,1,3,64
26,2,0,372
26,2,1,372
26,2,2,372
26,2,3,372
26,3,0,436
26,3,1,436
26,3,2,436
26,3,3,436
27,0,0,0
27,0,1,0
27,0,2,0
27,0,3,0
27,1,0,58
27,1,1,58
27,1,2,58
27,1,3,58
27,2,0,566
27,2,1,566
27,2,2,566
27,2,3,566
27,3,0,630
27,3,1,630
27,3,2,630
27,3,3,630
28,0,0,60
28,0,1,60
28,0,2,60
28,0,3,60
28,1,0,0
28,1,1,0
28,1,2,0
28,1,3,0
28,2,0,1000
28,2,1,1000
28,2,2,1000
28,2,3,1000
28,3,0,1064
28,3,1,1064
28,3,2,1064
28,3,3,1064
29,0,0,128
29,0,1,128
29,0,2,128
29,0,3,128
29,1,0,64
29,1,1,64
29,1,2,64
29,1,3,64
29,2,0,0
29,2,1,0
29,2,2,0
29,2,3,0
29,3,0,60
29,3,1,60
29,3,2,60
29,3,3,60
30,0,0,0
30,0,1,0
30,0,2,0
30,0,3,0
30,1,0,64
30,1,1,64
30,1,2,64
30,1,3,64
30,2,0,128
30,2,1,128
30,2,2,128
30,2,3,128
30,3,0,192
30,3,1,192
30,3,2,192
30,3,3,192
31,0,0,64
31,0,1,64
31,0,2,64
31,0,3,64
31,1,0,0
31,1,1,0
31,1,2,0
31,1,3,0
31,2,0,62
31,2,1,62
31,2,2,62
31,2,3,62
31,3,0,126
31,3,1,126
31,3,2,126
31,3,3,126
32,0,0,498
32,0,1,498
32,0,2,498
32,0,3,498
32,1,0,60
32,1,1,60
32,1,2,60
32,1,3,60
32,2,0,0
32,2,1,0
32,2,2,0
32,2,3,0
32,3,0,438
32,3,1,438
32,3,2,438
32,3,3,438
33,0,0,444
33,0,1,444
33,0,2,444
33,0,3,444
33,1,0,0
33,1,1,0
33,1,2,0
33,1,3,0
33,2,0,58
33,2,1,58
33,2,2,58
33,2,3,58
33,3,0,502
33,3,1,502
33,3,2,502
33,3,3,502
34,0,0,0
34,0,1,0
34,0,2,0
34,0,3,0
34,1,0,64
34,1,1,64
34,1,2,64
34,1,3,64
34,2,0,896
34,2,1,4095
34,2,2,4095
34,2,3,4095
34,3,0,960
34,3,1,4095
34,3,2,4095
34,3,3,4095
35,0,0,314
35,0,1,314
35,0,2,314
35,0,3,314
35,1,0,250
35,1,1,250
35,1,2,250
35,1,3,250
35,2,0,64
35,2,1,64
35,2,2,64
35,2,3,64
35,3,0,0
35,3,1,0
35,3,2,0
35,3,3,0
36,0,0,508
36,0,1,508
36,0,2,508
36,0,3,508
36,1,0,0
36,1,1,0
36,1,2,0
36,1,3,0
36,2,0,62
36,2,1,62
36,2,2,62
36,2,3,62
36,3,0,570
36,3,1,570
36,3,2,570
36,3,3,570
37,0,0,0
37,0,1,0
37,0,2,0
37,0,3,0
37,1,0,58
37,1,1,58
37,1,2,58
37,1,3,58
37,2,0,310
37,2,1,310
37,2,2,310
37,2,3,310
37,3,0,374
37,3,1,374
37,3,2,374
37,3,3,374
38,0,0,380
38,0,1,380
38,0,2,380
38,0,3,380
38,1,0,316
38,1,1,316
38,1,2,316
38,1,3,316
38,2,0,0
38,2,1,0
38,2,2,0
38,2,3,0
38,3,0,58
38,3,1,58
38,3,2,58
38,3,3,58
39,0,0,0
39,0,1,0
39,0,2,0
39,0,3,0
39,1,0,60
39,1,1,60
39,1,2,60
39,1,3,60
39,2,0,124
39,2,1,124
39,2,2,124
39,2,3,124
39,3,0,188
39,3,1,188
39,3,2,188
39,3,3,188
40,0,0,192
40,0,1,192
40,0,2,192
40,0,3,192
40,1,0,128
40,1,1,128
40,1,2,128
40,1,3,128
40,2,0,64
40,2,1,64
40,2,2,64
40,2,3,64
40,3,0,0
40,3,1,0
40,3,2,0
40,3,3,0
41,0,0,192
41,0,1,192
41,0,2,192
41,0,3,192
41,1,0,128
41,1,1,128
41,1,2,128
41,1,3,128
41,2,0,64
41,2,1,64
41,2,2,64
41,2,3,64
41,3,0,0
41,3,1,0
41,3,2,0
41,3,3,0
42,0,0,64
42,0,1,64
42,0,2,64
42,0,3,64
42,1,0,0
42,1,1,0
42,1,2,0
42,1,3,0
42,2,0,378
42,2,1,378
42,2,2,378
42,2,3,378
42,3,0,442
42,3,1,442
42,3,2,442
42,3,3,442
43,0,0,636
43,0,1,636
43,0,2,636
43,0,3,636
43,1,0,60
43,1,1,60
43,1,2,60
43,1,3,60
43,2,0,0
43,2,1,0
43,2,2,0
43,2,3,0
43,3,0,576
43,3,1,576
43,3,2,576
43,3,3,576
44,0,0,0
44,0,1,0
44,0,2,0
44,0,3,0
44,1,0,64
44,1,1,64
44,1,2,64
44,1,3,64
44,2,0,502
44,2,1,502
44,2,2,502
44,2,3,502
44,3,0,566
44,3,1,566
44,3,2,566
44,3,3,566
45,0,0,314
45,0,1,314
45,0,2,314
45,0,3,314
45,1,0,58
45,1,1,58
45,1,2,58
45,1,3,58
45,2,0,0
45,2,1,0
45,2,2,0
45,2,3,0
45,3,0,256
45,3,1,256
45,3,2,256
45,3,3,256
46,0,0,384
46,0,1,384
46,0,2,384
46,0,3,384
46,1,0,320
46,1,1,320
46,1,2,320
46,1,3,320
46,2,0,64
46,2,1,64
46,2,2,64
46,2,3,64
46,3,0,0
46,3,1,0
46,3,2,0
46,3,3,0
47,0,0,314
47,0,1,314
47,0,2,314
47,0,3,314
47,1,0,0
47,1,1,0
47,1,2,0
47,1,3,0
47,2,0,62
47,2,1,62
47,2,2,62
47,2,3,62
47,3,0,376
47,3,1,376
47,3,2,376
47,3,3,376
48,0,0,448
48,0,1,448
48,0,2,448
48,0,3,448
48,1,0,0
48,1,1,0
48,1,2,0
48,1,3,0
48,2,0,60
48,2,1,60
48,2,2,60
48,2,3,60
48,3,0,508
48,3,1,508
48,3,2,508
48,3,3,508
49,0,0,192
49,0,1,192
49,0,2,192
49,0,3,192
49,1,0,128
49,1,1,128
49,1,2,128
49,1,3,128
49,2,0,64
49,2,1,64
49,2,2,64
49,2,3,64
49,3,0,0
49,3,1,0
49,3,2,0
49,3,3,0
50,0,0,0
50,0,1,0
50,0,2,0
50,0,3,0
50,1,0,62
50,1,1,62
50,1,2,62
50,1,3,62
50,2,0,754
50,2,1,754
50,2,2,754
50,2,3,754
50,3,0,818
50,3,1,818
50,3,2,818
50,3,3,818
51,0,0,252
51,0,1,252
51,0,2,252
51,0,3,252
51,1,0,188
51,1,1,188
51,1,2,188
51,1,3,188
51,2,0,64
51,2,1,64
51,2,2,64
51,2,3,64
51,3,0,0
51,3,1,0
51,3,2,0
51,3,3,0
52,0,0,446
52,0,1,446
52,0,2,446
52,0,3,446
52,1,0,382
52,1,1,382
52,1,2,382
52,1,3,382
52,2,0,64
52,2,1,64
52,2,2,64
52,2,3,64
52,3,0,0
52,3,1,0
52,3,2,0
52,3,3,0
53,0,0,0
53,0,1,0
53,0,2,0
53,0,3,0
53,1,0,60
53,1,1,60
53,1,2,60
53,1,3,60
53,2,0,252
53,2,1,252
53,2,2,252
53,2,3,252
53,3,0,316
53,3,1,316
53,3,2,316
53,3,3,316
54,0,0,440
54,0,1,440
54,0,2,440
54,0,3,440
54,1,0,58
54,1,1,58
54,1,2,58
54,1,3,58
54,2,0,0
54,2,1,0
54,2,2,0
54,2,3,0
54,3,0,382
54,3,1,382
54,3,2,382
54,3,3,382
55,0,0,320
55,0,1,320
55,0,2,320
55,0,3,320
55,1,0,256
55,1,1,256
55,1,2,256
55,1,3,256
55,2,0,0
55,2,1,0
55,2,2,0
55,2,3,0
55,3,0,62
55,3,1,62
55,3,2,62
55,3,3,62
56,0,0,62
56,0,1,62
56,0,2,62
56,0,3,62
56,1,0,0
56,1,1,0
56,1,2,0
56,1,3,0
56,2,0,634
56,2,1,634
56,2,2,634
56,2,3,634
56,3,0,698
56,3,1,698
56,3,2,698
56,3,3,698
57,0,0,188
57,0,1,188
57,0,2,188
57,0,3,188
57,1,0,124
57,1,1,124
57,1,2,124
57,1,3,124
57,2,0,60
57,2,1,60
57,2,2,60
57,2,3,60
57,3,0,0
57,3,1,0
57,3,2,0
57,3,3,0
58,0,0,64
58,0,1,64
58,0,2,64
58,0,3,64
58,1,0,0
58,1,1,0
58,1,2,0
58,1,3,0
58,2,0,60
58,2,1,60
58,2,2,60
58,2,3,60
58,3,0,124
58,3,1,124
58,3,2,124
58,3,3,124
59,0,0,122
59,0,1,122
59,0,2,122
59,0,3,122
59,1,0,0
59,1,1,0
59,1,2,0
59,1,3,0
59,2,0,62
59,2,1,62
59,2,2,62
59,2,3,62
59,3,0,184
59,3,1,184
59,3,2,184
59,3,3,184
60,0,0,0
60,0,1,0
60,0,2,0
60,0,3,0
60,1,0,64
60,1,1,64
60,1,2,64
60,1,3,64
60,2,0,1144
60,2,1,1144
60,2,2,1144
60,2,3,1144
60,3,0,1208
60,3,1,1208
60,3,2,1208
60,3,3,1208
61,0,0,62
61,0,1,62
61,0,2,62
61,0,3,62
61,1,0,0
61,1,1,0
61,1,2,0
61,1,3,0
61,2,0,254
61,2,1,254
61,2,2,254
61,2,3,254
61,3,0,318
61,3,1,318
61,3,2,318
61,3,3,318
62,0,0,62
62,0,1,62
62,0,2,62
62,0,3,62
62,1,0,0
62,1,1,0
62,1,2,0
62,1,3,0
62,2,0,442
62,2,1,442
62,2,2,442
62,2,3,442
62,3,0,506
62,3,1,506
62,3,2,506
62,3,3,506
63,0,0,58
63,0,1,58
63,0,2,58
63,0,3,58
63,1,0,0
63,1,1,0
63,1,2,0
63,1,3,0
63,2,0,64
63,2,1,64
63,2,2,64
63,2,3,64
63,3,0,128
63,3,1,128
63,3,2,128
63,3,3,128
