index,state,level,noise,sample
0,1,-32,3,-29
1,2,32,-3,29
2,2,32,1,33
3,0,-96,-1,-97
4,1,-32,1,-31
5,0,-96,3,-93
6,0,-96,0,-96
7,0,-96,2,-94
8,1,-32,2,-30
9,0,-96,1,-95
10,1,-32,-2,-34
11,0,-96,-1,-97
12,1,-32,-1,-33
13,3,96,-2,94
14,0,-96,1,-95
15,2,32,-1,31
16,0,-96,-2,-98
17,0,-96,-3,-99
18,0,-96,-3,-99
19,0,-96,-3,-99
20,0,-96,0,-96
21,0,-96,2,-94
22,2,32,-3,29
23,2,32,2,34
24,0,-96,-3,-99
25,3,96,-2,94
26,3,96,1,97
27,3,96,-2,94
28,1,-32,1,-31
29,3,96,2,98
30,1,-32,-3,-35
31,2,32,-3,29
32,3,96,-1,95
33,2,32,0,32
34,0,-96,3,-93
35,3,96,-1,95
36,2,32,2,34
37,1,-32,0,-32
38,3,96,-2,94
39,2,32,0,32
40,3,96,-3,93
41,3,96,3,99
42,0,-96,-3,-99
43,1,-32,-1,-33
44,0,-96,0,-96
45,0,-96,1,-95
46,0,-96,-2,-98
47,2,32,3,35
48,2,32,-3,29
49,2,32,-1,31
50,0,-96,3,-93
51,1,-32,-3,-35
52,0,-96,2,-94
53,1,-32,3,-29
54,1,-32,3,-29
55,2,32,3,35
56,3,96,0,96
57,2,32,1,33
58,0,-96,-1,-97
59,1,-32,0,-32
60,0,-96,-3,-99
61,1,-32,3,-29
62,2,32,-2,30
63,0,-96,-3,-99
64,3,96,-2,94
65,2,32,0,32
66,3,96,1,97
67,1,-32,2,-30
68,1,-32,1,-31
69,0,-96,-3,-99
70,2,32,-3,29
71,2,32,1,33
72,3,96,0,96
73,1,-32,2,-30
74,1,-32,2,-30
75,2,32,3,35
76,3,96,-2,94
77,2,32,-3,29
78,3,96,-3,93
79,0,-96,-2,-98
80,1,-32,2,-30
81,2,32,2,34
82,3,96,0,96
83,2,32,-1,31
84,3,96,0,96
85,2,32,-2,30
86,2,32,1,33
87,3,96,-3,93
88,1,-32,2,-30
89,2,32,2,34
90,1,-32,-2,-34
91,3,96,-3,93
92,3,96,-3,93
93,1,-32,-3,-35
94,3,96,-1,95
95,2,32,-2,30
96,1,-32,0,-32
97,1,-32,-3,-35
98,2,32,3,35
99,0,-96,2,-94
100,2,32,-2,30
101,0,-96,0,-96
102,2,32,3,35
103,1,-32,-1,-33
104,1,-32,3,-29
105,3,96,0,96
106,2,32,0,32
107,1,-32,-3,-35
108,1,-32,-3,-35
109,1,-32,3,-29
110,3,96,3,99
111,1,-32,1,-31
112,2,32,2,34
113,1,-32,-1,-33
114,0,-96,-3,-99
115,1,-32,-1,-33
116,3,96,-1,95
117,1,-32,3,-29
118,0,-96,0,-96
119,3,96,-2,94
120,2,32,-3,29
121,0,-96,3,-93
122,0,-96,0,-96
123,1,-32,-1,-33
124,0,-96,-1,-97
125,3,96,-2,94
126,3,96,0,96
127,1,-32,1,-31
128,3,96,-3,93
129,3,96,1,97
130,3,96,2,98
131,3,96,-2,94
132,2,32,0,32
133,3,96,1,97
134,1,-32,0,-32
135,3,96,2,98
136,3,96,0,96
137,2,32,2,34
138,3,96,1,97
139,1,-32,3,-29
140,0,-96,3,-93
141,1,-32,0,-32
142,3,96,2,98
143,3,96,3,99
144,1,-32,-3,-35
145,3,96,0,96
146,2,32,0,32
147,0,-96,-3,-99
148,3,96,2,98
149,1,-32,3,-29
150,2,32,3,35
151,1,-32,1,-31
152,0,-96,1,-95
153,2,32,2,34
154,0,-96,-3,-99
155,2,32,0,32
156,2,32,3,35
157,0,-96,0,-96
158,1,-32,3,-29
159,1,-32,0,-32
160,3,96,2,98
161,0,-96,0,-96
162,0,-96,0,-96
163,3,96,-2,94
164,1,-32,-1,-33
165,0,-96,1,-95
166,2,32,-1,31
167,0,-96,2,-94
168,3,96,-1,95
169,0,-96,0,-96
170,0,-96,-1,-97
171,2,32,2,34
172,2,32,-3,29
173,0,-96,-2,-98
174,2,32,0,32
175,1,-32,3,-29
176,2,32,2,34
177,1,-32,1,-31
178,0,-96,1,-95
179,0,-96,0,-96
180,0,-96,-1,-97
181,3,96,-1,95
182,1,-32,2,-30
183,3,96,-3,93
184,3,96,-3,93
185,0,-96,0,-96
186,0,-96,2,-94
187,1,-32,3,-29
188,3,96,0,96
189,1,-32,-3,-35
190,2,32,0,32
191,1,-32,-1,-33
192,0,-96,-3,-99
193,3,96,-1,95
194,3,96,-3,93
195,0,-96,1,-95
196,1,-32,-3,-35
197,3,96,0,96
198,3,96,-1,95
199,0,-96,0,-96
200,1,-32,1,-31
201,1,-32,0,-32
202,0,-96,-2,-98
203,2,32,-2,30
204,0,-96,-2,-98
205,2,32,2,34
206,0,-96,-1,-97
207,3,96,-2,94
208,1,-32,3,-29
209,0,-96,-3,-99
210,3,96,1,97
211,3,96,-1,95
212,1,-32,-3,-35
213,1,-32,3,-29
214,2,32,-3,29
215,0,-96,0,-96
216,2,32,-1,31
217,2,32,-1,31
218,0,-96,2,-94
219,0,-96,1,-95
220,3,96,3,99
221,3,96,-2,94
222,1,-32,3,-29
223,0,-96,3,-93
224,0,-96,3,-93
225,2,32,-2,30
226,1,-32,1,-31
227,3,96,-3,93
228,3,96,-3,93
229,3,96,-1,95
230,3,96,-3,93
231,1,-32,-2,-34
232,0,-96,3,-93
233,2,32,1,33
234,0,-96,2,-94
235,3,96,2,98
236,3,96,3,99
237,3,96,3,99
238,0,-96,3,-93
239,2,32,2,34
240,0,-96,1,-95
241,2,32,-2,30
242,1,-32,2,-30
243,0,-96,3,-93
244,1,-32,-1,-33
245,2,32,3,35
246,0,-96,-3,-99
247,0,-96,-3,-99
248,0,-96,1,-95
249,0,-96,1,-95
250,1,-32,-1,-33
251,1,-32,-2,-34
252,0,-96,-2,-98
253,1,-32,-1,-33
254,0,-96,2,-94
255,1,-32,1,-31
256,3,96,0,96
257,0,-96,1,-95
258,0,-96,0,-96
259,3,96,-2,94
260,1,-32,-2,-34
261,3,96,-3,93
262,2,32,1,33
263,2,32,-2,30
264,0,-96,-1,-97
265,3,96,-2,94
266,0,-96,-1,-97
267,3,96,0,96
268,1,-32,-1,-33
269,2,32,0,32
270,3,96,-1,95
271,1,-32,3,-29
272,2,32,3,35
273,2,32,3,35
274,2,32,3,35
275,1,-32,1,-31
276,2,32,1,33
277,1,-32,1,-31
278,2,32,1,33
279,0,-96,0,-96
280,0,-96,0,-96
281,0,-96,-1,-97
282,0,-96,1,-95
283,0,-96,3,-93
284,3,96,-2,94
285,1,-32,-3,-35
286,1,-32,3,-29
287,3,96,0,96
288,1,-32,3,-29
289,0,-96,1,-95
290,1,-32,1,-31
291,0,-96,0,-96
292,3,96,2,98
293,2,32,0,32
294,2,32,-2,30
295,1,-32,1,-31
296,2,32,-1,31
297,1,-32,-1,-33
298,2,32,3,35
299,2,32,-1,31
300,3,96,2,98
301,0,-96,3,-93
302,3,96,-2,94
303,0,-96,3,-93
304,2,32,0,32
305,1,-32,1,-31
306,0,-96,0,-96
307,3,96,0,96
308,0,-96,1,-95
309,3,96,-2,94
310,1,-32,2,-30
311,2,32,3,35
312,0,-96,0,-96
313,2,32,2,34
314,1,-32,3,-29
315,0,-96,1,-95
316,1,-32,-3,-35
317,3,96,2,98
318,0,-96,0,-96
319,0,-96,2,-94
320,0,-96,-1,-97
321,1,-32,-2,-34
322,0,-96,-1,-97
323,1,-32,2,-30
324,3,96,-2,94
325,3,96,0,96
326,0,-96,2,-94
327,3,96,1,97
328,3,96,3,99
329,2,32,-1,31
330,2,32,-2,30
331,3,96,0,96
332,3,96,2,98
333,0,-96,-2,-98
334,0,-96,1,-95
335,3,96,3,99
336,2,32,3,35
337,3,96,2,98
338,3,96,-3,93
339,3,96,2,98
340,0,-96,-1,-97
341,2,32,1,33
342,3,96,-3,93
343,1,-32,0,-32
344,1,-32,-3,-35
345,3,96,3,99
346,3,96,-2,94
347,1,-32,0,-32
348,1,-32,1,-31
349,3,96,3,99
350,3,96,1,97
351,2,32,-2,30
352,1,-32,3,-29
353,1,-32,1,-31
354,0,-96,2,-94
355,1,-32,1,-31
356,1,-32,-3,-35
357,2,32,-1,31
358,3,96,-1,95
359,0,-96,0,-96
360,2,32,0,32
361,1,-32,2,-30
362,0,-96,-2,-98
363,3,96,1,97
364,2,32,0,32
365,0,-96,-2,-98
366,3,96,3,99
367,2,32,-3,29
368,0,-96,-3,-99
369,3,96,0,96
370,2,32,2,34
371,0,-96,-2,-98
372,3,96,-2,94
373,0,-96,-2,-98
374,3,96,0,96
375,3,96,0,96
376,0,-96,0,-96
377,1,-32,-1,-33
378,3,96,3,99
379,0,-96,-2,-98
380,0,-96,1,-95
381,1,-32,-3,-35
382,3,96,3,99
383,1,-32,1,-31
384,2,32,-2,30
385,2,32,-2,30
386,0,-96,-3,-99
387,2,32,1,33
388,0,-96,2,-94
389,3,96,3,99
390,3,96,3,99
391,1,-32,2,-30
392,1,-32,3,-29
393,3,96,1,97
394,3,96,-3,93
395,3,96,3,99
396,1,-32,-2,-34
397,3,96,-3,93
398,0,-96,2,-94
399,3,96,3,99
400,1,-32,1,-31
401,2,32,-2,30
402,1,-32,-3,-35
403,3,96,1,97
404,2,32,-1,31
405,3,96,-2,94
406,1,-32,3,-29
407,0,-96,1,-95
408,3,96,-1,95
409,3,96,-1,95
410,1,-32,-2,-34
411,1,-32,2,-30
412,2,32,2,34
413,0,-96,-2,-98
414,1,-32,-2,-34
415,3,96,3,99
416,3,96,2,98
417,0,-96,-3,-99
418,1,-32,0,-32
419,1,-32,2,-30
420,0,-96,-1,-97
421,2,32,-1,31
422,2,32,1,33
423,3,96,1,97
424,3,96,-3,93
425,0,-96,-1,-97
426,2,32,3,35
427,0,-96,0,-96
428,2,32,-1,31
429,0,-96,0,-96
430,2,32,3,35
431,0,-96,2,-94
432,3,96,3,99
433,3,96,0,96
434,1,-32,-2,-34
435,2,32,-1,31
436,0,-96,-1,-97
437,3,96,-1,95
438,2,32,1,33
439,2,32,-3,29
440,1,-32,2,-30
441,1,-32,1,-31
442,1,-32,0,-32
443,0,-96,3,-93
444,2,32,1,33
445,0,-96,2,-94
446,3,96,3,99
447,2,32,1,33
448,0,-96,-3,-99
449,3,96,2,98
450,3,96,0,96
451,0,-96,-2,-98
452,3,96,2,98
453,3,96,-3,93
454,3,96,0,96
455,1,-32,-1,-33
456,3,96,-2,94
457,1,-32,1,-31
458,2,32,-1,31
459,2,32,-2,30
460,1,-32,2,-30
461,0,-96,1,-95
462,0,-96,-2,-98
463,3,96,-2,94
464,0,-96,-3,-99
465,2,32,-3,29
466,1,-32,0,-32
467,2,32,0,32
468,2,32,1,33
469,3,96,-3,93
470,0,-96,-1,-97
471,1,-32,2,-30
472,2,32,1,33
473,0,-96,-3,-99
474,3,96,3,99
475,1,-32,-3,-35
476,1,-32,-1,-33
477,3,96,-1,95
478,1,-32,-3,-35
479,1,-32,1,-31
480,0,-96,2,-94
481,3,96,2,98
482,3,96,1,97
483,3,96,2,98
484,2,32,3,35
485,2,32,-3,29
486,3,96,-1,95
487,0,-96,0,-96
488,1,-32,2,-30
489,1,-32,1,-31
490,1,-32,-3,-35
491,2,32,-2,30
492,3,96,-3,93
493,1,-32,-1,-33
494,2,32,0,32
495,1,-32,-1,-33
496,1,-32,-3,-35
497,2,32,3,35
498,0,-96,-3,-99
499,2,32,2,34
500,1,-32,-2,-34
501,3,96,0,96
502,2,32,-1,31
503,1,-32,-1,-33
504,1,-32,-2,-34
505,0,-96,-2,-98
506,2,32,2,34
507,3,96,1,97
508,2,32,-3,29
509,3,96,-3,93
510,0,-96,-2,-98
511,1,-32,-3,-35
